{
  "project_info": {
    "project_number": "847237134888",
    "project_id": "otplogin-6e343",
    "storage_bucket": "otplogin-6e343.appspot.com"
  },
  "client": [
    {
      "client_info": {
        "mobilesdk_app_id": "1:847237134888:android:cf4de0c95a0bec7cb3131d",
        "android_client_info": {
          "package_name": "com.example.voting"
        }
      },
      "oauth_client": [
        {
          "client_id": "847237134888-josl68vqt8vnllsollo7nko0gh5l7bt1.apps.googleusercontent.com",
          "client_type": 1,
          "android_info": {
            "package_name": "com.example.voting",
            "certificate_hash": "ab27c8cbfa826d749a6e12170f14b29b0fa18b13"
          }
        },
        {
          "client_id": "847237134888-qijm0mlfb1q58p3pr8hrtgccjju1nvf8.apps.googleusercontent.com",
          "client_type": 3
        }
      ],
      "api_key": [
        {
          "current_key": "AIzaSyBbiohAcbAbI1XY5u_KybrtzA7UzFGyr4I"
        }
      ],
      "services": {
        "appinvite_service": {
          "other_platform_oauth_client": [
            {
              "client_id": "847237134888-qijm0mlfb1q58p3pr8hrtgccjju1nvf8.apps.googleusercontent.com",
              "client_type": 3
            }
          ]
        }
      }
    }
  ],
  "configuration_version": "1"
}